Step,Balance,Shares Held,Net Worth,Profit
1,10000,0,10000.0,0.0
2,231.6,40.0,10000.0,0.0
3,10327.2,0,10327.2,327.2
4,152.0,40.0,10327.2,327.2
5,152.0,40.0,10422.8,422.8
6,152.0,40.0,10470.8,470.8
7,152.0,40.0,10507.2,507.2
8,152.0,40.0,10511.2,511.2
9,152.0,40.0,10448.0,448.0
10,152.0,40.0,10566.0,566.0
11,10591.2,0,10591.2,591.2
12,10591.2,0,10591.2,591.2
13,10591.2,0,10591.2,591.2
14,76.8,40.0,10591.2,591.2
15,76.8,40.0,10613.2,613.2
16,76.8,40.0,10618.8,618.8
17,76.8,40.0,10708.0,708.0
18,76.8,40.0,10627.2,627.2
19,10613.2,0,10613.2,613.2
20,10613.2,0,10613.2,613.2
21,85.93,39.0,10613.2,613.2
22,85.93,39.0,10618.27,618.27
23,85.93,39.0,10692.37,692.37
24,10736.83,0,10736.83,736.83
25,10736.83,0,10736.83,736.83
26,10736.83,0,10736.83,736.83
27,10736.83,0,10736.83,736.83
28,182.65,39.0,10736.83,736.83
29,182.65,39.0,10872.55,872.55
30,182.65,39.0,10907.26,907.26
31,182.65,39.0,10883.47,883.47
32,182.65,39.0,11000.08,1000.08
33,11018.8,0,11018.8,1018.8
34,11018.8,0,11018.8,1018.8
35,11018.8,0,11018.8,1018.8
36,132.34,39.0,11018.8,1018.8
37,132.34,39.0,11033.62,1033.62
38,132.34,39.0,11025.82,1025.82
39,11021.14,0,11021.14,1021.14
40,152.62,39.0,11021.14,1021.14
41,152.62,39.0,11089.0,1089.0
42,11049.22,0,11049.22,1049.22
43,11049.22,0,11049.22,1049.22
44,11049.22,0,11049.22,1049.22
45,11049.22,0,11049.22,1049.22
46,70.82,40.0,11049.22,1049.22
47,70.82,40.0,11208.42,1208.42
48,11250.42,0,11250.42,1250.42
49,11250.42,0,11250.42,1250.42
50,4.02,40.0,11250.42,1250.42
51,4.02,40.0,11256.42,1256.42
52,4.02,40.0,11297.22,1297.22
53,4.02,40.0,11300.02,1300.02
54,11266.02,0,11266.02,1266.02
55,11266.02,0,11266.02,1266.02
56,11266.02,0,11266.02,1266.02
57,11266.02,0,11266.02,1266.02
58,11266.02,0,11266.02,1266.02
59,11266.02,0,11266.02,1266.02
60,37.62,40.0,11266.02,1266.02
61,37.62,40.0,11336.82,1336.82
62,11470.82,0,11470.82,1470.82
63,11470.82,0,11470.82,1470.82
64,14.02,40.0,11470.82,1470.82
65,11501.22,0,11501.22,1501.22
66,11501.22,0,11501.22,1501.22
67,238.41,39.0,11501.22,1501.22
68,238.41,39.0,11443.5,1443.5
69,238.41,39.0,11481.72,1481.72
70,11478.6,0,11478.6,1478.6
71,11478.6,0,11478.6,1478.6
72,169.77,39.0,11478.6,1478.6
73,169.77,39.0,11486.01,1486.01
74,169.77,39.0,11458.32,1458.32
75,169.77,39.0,11480.55,1480.55
76,169.77,39.0,11490.3,1490.3
77,169.77,39.0,11592.09,1592.09
78,169.77,39.0,11566.74,1566.74
79,11559.72,0,11559.72,1559.72
80,116.73,39.0,11559.72,1559.72
81,116.73,39.0,11577.66,1577.66
82,116.73,39.0,11583.51,1583.51
83,116.73,39.0,11497.32,1497.32
84,116.73,39.0,11472.75,1472.75
85,11583.9,0,11583.9,1583.9
86,163.92,39.0,11583.9,1583.9
87,163.92,39.0,11393.19,1393.19
88,163.92,39.0,11377.59,1377.59
89,163.92,39.0,11343.66,1343.66
90,163.92,39.0,11399.82,1399.82
91,163.92,39.0,11117.46,1117.46
92,163.92,39.0,11216.52,1216.52
93,163.92,39.0,11281.26,1281.26
94,163.92,39.0,11384.22,1384.22
95,163.92,39.0,11311.68,1311.68
96,11237.97,0,11237.97,1237.97
97,11237.97,0,11237.97,1237.97
98,11237.97,0,11237.97,1237.97
99,11237.97,0,11237.97,1237.97
100,11237.97,0,11237.97,1237.97
101,31.97,40.0,11237.97,1237.97
102,11162.77,0,11162.77,1162.77
103,11162.77,0,11162.77,1162.77
104,151.97,40.0,11162.77,1162.77
105,11134.77,0,11134.77,1134.77
106,11134.77,0,11134.77,1134.77
107,11134.77,0,11134.77,1134.77
108,11134.77,0,11134.77,1134.77
109,11134.77,0,11134.77,1134.77
110,153.91,38.0,11134.77,1134.77
111,153.91,38.0,11132.11,1132.11
112,11112.73,0,11112.73,1112.73
113,11112.73,0,11112.73,1112.73
114,11112.73,0,11112.73,1112.73
115,116.67,38.0,11112.73,1112.73
116,116.67,38.0,11227.87,1227.87
117,11252.95,0,11252.95,1252.95
118,11252.95,0,11252.95,1252.95
119,11252.95,0,11252.95,1252.95
120,11252.95,0,11252.95,1252.95
121,204.07,38.0,11252.95,1252.95
122,204.07,38.0,11241.93,1241.93
123,204.07,38.0,11281.07,1281.07
124,204.07,38.0,11338.07,1338.07
125,204.07,38.0,11439.15,1439.15
126,204.07,38.0,11468.41,1468.41
127,204.07,38.0,11558.47,1558.47
128,204.07,38.0,11545.55,1545.55
129,11483.23,0,11483.23,1483.23
130,11483.23,0,11483.23,1483.23
131,136.05,38.0,11483.23,1483.23
132,136.05,38.0,11509.83,1509.83
133,11560.75,0,11560.75,1560.75
134,11560.75,0,11560.75,1560.75
135,11560.75,0,11560.75,1560.75
136,11560.75,0,11560.75,1560.75
137,205.21,38.0,11560.75,1560.75
138,11497.67,0,11497.67,1497.67
139,11497.67,0,11497.67,1497.67
140,11497.67,0,11497.67,1497.67
141,42.95,38.0,11497.67,1497.67
142,42.95,38.0,11442.95,1442.95
143,42.95,38.0,11519.33,1519.33
144,42.95,38.0,11498.43,1498.43
145,11470.31,0,11470.31,1470.31
146,167.97,38.0,11470.31,1470.31
147,167.97,38.0,11371.89,1371.89
148,167.97,38.0,11287.53,1287.53
149,167.97,38.0,10953.13,953.13
150,167.97,38.0,11104.37,1104.37
151,167.97,38.0,11110.83,1110.83
152,11325.53,0,11325.53,1325.53
153,11325.53,0,11325.53,1325.53
154,90.8,39.0,11325.53,1325.53
155,90.8,39.0,11500.25,1500.25
156,11162.9,0,11162.9,1162.9
157,11162.9,0,11162.9,1162.9
158,186.6,38.0,11162.9,1162.9
159,11295.14,0,11295.14,1295.14
160,11295.14,0,11295.14,1295.14
161,182.04,38.0,11295.14,1295.14
162,182.04,38.0,11291.72,1291.72
163,182.04,38.0,11006.34,1006.34
164,11126.04,0,11126.04,1126.04
165,11126.04,0,11126.04,1126.04
166,148.22,38.0,11126.04,1126.04
167,148.22,38.0,11266.26,1266.26
168,148.22,38.0,11261.32,1261.32
169,148.22,38.0,11196.34,1196.34
170,11321.74,0,11321.74,1321.74
171,11321.74,0,11321.74,1321.74
172,293.89,37.0,11321.74,1321.74
173,11327.29,0,11327.29,1327.29
174,296.48,37.0,11327.29,1327.29
175,11405.73,0,11405.73,1405.73
176,11405.73,0,11405.73,1405.73
177,11405.73,0,11405.73,1405.73
178,299.81,37.0,11405.73,1405.73
179,299.81,37.0,11433.85,1433.85
180,299.81,37.0,11440.51,1440.51
181,299.81,37.0,11439.77,1439.77
182,1.53,38.0,11336.17,1336.17
183,11333.51,0,11333.51,1333.51
184,11333.51,0,11333.51,1333.51
185,23.95,38.0,11333.51,1333.51
186,11309.95,0,11309.95,1309.95
187,11309.95,0,11309.95,1309.95
188,32.69,38.0,11309.95,1309.95
189,32.69,38.0,11175.81,1175.81
190,10978.97,0,10978.97,978.97
191,233.43,37.0,10978.97,978.97
192,233.43,37.0,11124.38,1124.38
193,233.43,37.0,11077.39,1077.39
194,10909.04,0,10909.04,909.04
195,10909.04,0,10909.04,909.04
196,59.16,37.0,10909.04,909.04
197,59.16,37.0,11021.52,1021.52
198,59.16,37.0,11009.31,1009.31
199,59.16,37.0,11117.72,1117.72
200,11099.96,0,11099.96,1099.96
201,11099.96,0,11099.96,1099.96
202,11099.96,0,11099.96,1099.96
203,11099.96,0,11099.96,1099.96
204,11099.96,0,11099.96,1099.96
205,11099.96,0,11099.96,1099.96
206,11099.96,0,11099.96,1099.96
207,11099.96,0,11099.96,1099.96
208,181.16,36.0,11099.96,1099.96
209,181.16,36.0,11096.72,1096.72
210,181.16,36.0,11130.2,1130.2
211,181.16,36.0,11101.04,1101.04
212,181.16,36.0,11202.2,1202.2
213,181.16,36.0,11246.48,1246.48
214,11234.24,0,11234.24,1234.24
215,11234.24,0,11234.24,1234.24
216,11234.24,0,11234.24,1234.24
217,11234.24,0,11234.24,1234.24
218,11234.24,0,11234.24,1234.24
219,11234.24,0,11234.24,1234.24
220,106.64,36.0,11234.24,1234.24
221,106.64,36.0,11250.44,1250.44
222,106.64,36.0,11331.08,1331.08
223,106.64,36.0,11339.36,1339.36
224,11336.12,0,11336.12,1336.12
225,148.4,36.0,11336.12,1336.12
226,148.4,36.0,11318.12,1318.12
227,148.4,36.0,11342.96,1342.96
228,148.4,36.0,11429.72,1429.72
229,11455.28,0,11455.28,1455.28
230,11455.28,0,11455.28,1455.28
231,11455.28,0,11455.28,1455.28
232,11455.28,0,11455.28,1455.28
233,1.93,37.0,11455.28,1455.28
234,11525.95,0,11525.95,1525.95
235,293.23,36.0,11525.95,1525.95
236,11628.55,0,11628.55,1628.55
237,14.99,37.0,11628.55,1628.55
238,11615.6,0,11615.6,1615.6
239,11615.6,0,11615.6,1615.6
240,198.92,36.0,11615.6,1615.6
241,11622.44,0,11622.44,1622.44
242,11622.44,0,11622.44,1622.44
243,11622.44,0,11622.44,1622.44
244,11622.44,0,11622.44,1622.44
245,70.04,36.0,11622.44,1622.44
246,11616.32,0,11616.32,1616.32
247,52.4,36.0,11616.32,1616.32
248,52.4,36.0,11616.68,1616.68
249,11678.24,0,11678.24,1678.24
250,11678.24,0,11678.24,1678.24
251,11678.24,0,11678.24,1678.24
252,11678.24,0,11678.24,1678.24
253,307.79,35.0,11678.24,1678.24
254,307.79,35.0,11592.14,1592.14
255,307.79,35.0,11635.19,1635.19
256,11603.34,0,11603.34,1603.34
257,11603.34,0,11603.34,1603.34
258,11603.34,0,11603.34,1603.34
259,11603.34,0,11603.34,1603.34
260,125.09,35.0,11603.34,1603.34
261,125.09,35.0,11585.84,1585.84
262,125.09,35.0,11611.74,1611.74
263,125.09,35.0,11707.29,1707.29
264,125.09,35.0,11743.34,1743.34
265,125.09,35.0,11720.59,1720.59
266,11721.99,0,11721.99,1721.99
267,11721.99,0,11721.99,1721.99
268,215.04,35.0,11721.99,1721.99
269,215.04,35.0,11537.54,1537.54
270,215.04,35.0,11656.19,1656.19
271,215.04,35.0,11646.74,1646.74
272,215.04,35.0,11683.84,1683.84
273,215.04,35.0,11475.59,1475.59
274,215.04,35.0,11559.24,1559.24
275,215.04,35.0,11732.14,1732.14
276,11865.14,0,11865.14,1865.14
277,11865.14,0,11865.14,1865.14
278,11865.14,0,11865.14,1865.14
279,11865.14,0,11865.14,1865.14
280,11865.14,0,11865.14,1865.14
281,11865.14,0,11865.14,1865.14
282,11865.14,0,11865.14,1865.14
283,11865.14,0,11865.14,1865.14
284,11865.14,0,11865.14,1865.14
285,11865.14,0,11865.14,1865.14
286,71.89,35.0,11865.14,1865.14
287,71.89,35.0,11743.69,1743.69
288,71.89,35.0,11356.59,1356.59
289,71.89,35.0,11014.64,1014.64
290,71.89,35.0,10974.39,974.39
291,71.89,35.0,10484.74,484.74
292,71.89,35.0,10440.99,440.99
293,10890.04,0,10890.04,890.04
294,81.4,36.0,10890.04,890.04
295,81.4,36.0,11344.36,1344.36
296,10969.96,0,10969.96,969.96
297,10969.96,0,10969.96,969.96
298,10969.96,0,10969.96,969.96
299,10969.96,0,10969.96,969.96
300,269.92,39.0,10969.96,969.96
301,9946.21,0,9946.21,-53.79
302,9946.21,0,9946.21,-53.79
303,9946.21,0,9946.21,-53.79
304,87.01,39.0,9946.21,-53.79
305,9447.01,0,9447.01,-552.99
306,67.12,39.0,9447.01,-552.99
307,8990.32,0,8990.32,-1009.68
308,72.32,40.0,8990.32,-1009.68
309,9798.32,0,9798.32,-201.68
310,9798.32,0,9798.32,-201.68
311,9798.32,0,9798.32,-201.68
312,9798.32,0,9798.32,-201.68
313,117.27,37.0,9798.32,-201.68
314,9654.02,0,9654.02,-345.98
315,54.17,39.0,9654.02,-345.98
316,54.17,39.0,9875.54,-124.46
317,54.17,39.0,9733.58,-266.42
318,54.17,39.0,10383.71,383.71
319,10394.24,0,10394.24,394.24
320,10394.24,0,10394.24,394.24
321,10394.24,0,10394.24,394.24
322,10394.24,0,10394.24,394.24
323,177.8,36.0,10394.24,394.24
324,177.8,36.0,10177.16,177.16
325,177.8,36.0,10225.4,225.4
326,177.8,36.0,10496.84,496.84
327,177.8,36.0,10315.04,315.04
328,177.8,36.0,10007.24,7.24
329,10225.4,0,10225.4,225.4
330,10225.4,0,10225.4,225.4
331,38.48,36.0,10225.4,225.4
332,38.48,36.0,10372.28,372.28
333,10324.76,0,10324.76,324.76
334,10324.76,0,10324.76,324.76
335,10324.76,0,10324.76,324.76
336,10324.76,0,10324.76,324.76
337,10324.76,0,10324.76,324.76
338,10324.76,0,10324.76,324.76
339,10324.76,0,10324.76,324.76
340,10324.76,0,10324.76,324.76
341,89.36,35.0,10324.76,324.76
342,10326.86,0,10326.86,326.86
343,6.74,36.0,10326.86,326.86
344,10144.34,0,10144.34,144.34
345,10144.34,0,10144.34,144.34
346,10144.34,0,10144.34,144.34
347,10144.34,0,10144.34,144.34
348,10144.34,0,10144.34,144.34
349,10144.34,0,10144.34,144.34
350,10144.34,0,10144.34,144.34
351,10144.34,0,10144.34,144.34
352,274.7,33.0,10144.34,144.34
353,274.7,33.0,10291.19,291.19
354,10272.71,0,10272.71,272.71
355,10272.71,0,10272.71,272.71
356,10272.71,0,10272.71,272.71
357,10272.71,0,10272.71,272.71
358,10272.71,0,10272.71,272.71
359,309.19,32.0,10272.71,272.71
360,10528.07,0,10528.07,528.07
361,10528.07,0,10528.07,528.07
362,10528.07,0,10528.07,528.07
363,1.07,33.0,10528.07,528.07
364,9921.2,0,9921.2,-78.8
365,9921.2,0,9921.2,-78.8
366,95.6,32.0,9921.2,-78.8
367,95.6,32.0,10110.32,110.32
368,95.6,32.0,10068.72,68.72
369,10072.56,0,10072.56,72.56
370,10072.56,0,10072.56,72.56
371,132.72,32.0,10072.56,72.56
372,10118.32,0,10118.32,118.32
373,83.35,33.0,10118.32,118.32
374,83.35,33.0,10225.9,225.9
375,83.35,33.0,9985.0,-15.0
376,10130.53,0,10130.53,130.53
377,263.01,32.0,10130.53,130.53
378,10199.65,0,10199.65,199.65
379,10199.65,0,10199.65,199.65
380,10199.65,0,10199.65,199.65
381,158.69,32.0,10199.65,199.65
382,158.69,32.0,10276.45,276.45
383,158.69,32.0,10218.85,218.85
384,10321.57,0,10321.57,321.57
385,10321.57,0,10321.57,321.57
386,10321.57,0,10321.57,321.57
387,10321.57,0,10321.57,321.57
388,56.29,32.0,10321.57,321.57
389,56.29,32.0,10351.33,351.33
390,56.29,32.0,10434.53,434.53
391,10456.61,0,10456.61,456.61
392,10456.61,0,10456.61,456.61
393,121.89,32.0,10456.61,456.61
394,10390.05,0,10390.05,390.05
395,10390.05,0,10390.05,390.05
396,112.61,32.0,10390.05,390.05
397,10516.45,0,10516.45,516.45
398,10516.45,0,10516.45,516.45
399,10516.45,0,10516.45,516.45
400,10516.45,0,10516.45,516.45
401,284.59,31.0,10516.45,516.45
402,10580.0,0,10580.0,580.0
403,10580.0,0,10580.0,580.0
404,10580.0,0,10580.0,580.0
405,10580.0,0,10580.0,580.0
406,263.2,31.0,10580.0,580.0
407,10723.84,0,10723.84,723.84
408,282.11,31.0,10723.84,723.84
409,10724.15,0,10724.15,724.15
410,10724.15,0,10724.15,724.15
411,10724.15,0,10724.15,724.15
412,10724.15,0,10724.15,724.15
413,10724.15,0,10724.15,724.15
414,10724.15,0,10724.15,724.15
415,93.63,31.0,10724.15,724.15
416,10761.35,0,10761.35,761.35
417,10761.35,0,10761.35,761.35
418,10761.35,0,10761.35,761.35
419,10761.35,0,10761.35,761.35
420,10761.35,0,10761.35,761.35
421,10761.35,0,10761.35,761.35
422,10761.35,0,10761.35,761.35
423,10761.35,0,10761.35,761.35
424,10761.35,0,10761.35,761.35
425,10761.35,0,10761.35,761.35
426,10761.35,0,10761.35,761.35
427,10761.35,0,10761.35,761.35
428,10761.35,0,10761.35,761.35
429,10761.35,0,10761.35,761.35
430,10761.35,0,10761.35,761.35
431,257.93,31.0,10761.35,761.35
432,257.93,31.0,10668.97,668.97
433,10508.08,0,10508.08,508.08
434,10508.08,0,10508.08,508.08
435,10508.08,0,10508.08,508.08
436,183.6,32.0,10508.08,508.08
437,183.6,32.0,10535.6,535.6
438,183.6,32.0,10702.96,702.96
439,183.6,32.0,10877.68,877.68
440,183.6,32.0,10819.44,819.44
441,183.6,32.0,10900.08,900.08
442,183.6,32.0,10968.88,968.88
443,183.6,32.0,10866.48,866.48
444,183.6,32.0,11055.92,1055.92
445,10901.36,0,10901.36,901.36
446,10901.36,0,10901.36,901.36
447,10901.36,0,10901.36,901.36
448,149.01,31.0,10901.36,901.36
449,149.01,31.0,11074.34,1074.34
450,149.01,31.0,11003.04,1003.04
451,149.01,31.0,10934.84,934.84
452,149.01,31.0,10921.51,921.51
453,149.01,31.0,10915.0,915.0
454,10751.32,0,10751.32,751.32
455,10751.32,0,10751.32,751.32
456,10751.32,0,10751.32,751.32
457,10751.32,0,10751.32,751.32
458,10751.32,0,10751.32,751.32
459,230.23,31.0,10751.32,751.32
460,10715.05,0,10715.05,715.05
461,10715.05,0,10715.05,715.05
462,155.69,32.0,10715.05,715.05
463,155.69,32.0,10604.97,604.97
464,155.69,32.0,10722.09,722.09
465,155.69,32.0,10908.65,908.65
466,155.69,32.0,11148.97,1148.97
467,155.69,32.0,11363.37,1363.37
468,11360.81,0,11360.81,1360.81
469,11360.81,0,11360.81,1360.81
470,11360.81,0,11360.81,1360.81
471,11360.81,0,11360.81,1360.81
472,11360.81,0,11360.81,1360.81
473,259.71,31.0,11360.81,1360.81
474,259.71,31.0,11499.38,1499.38
475,259.71,31.0,11438.93,1438.93
476,11304.39,0,11304.39,1304.39
477,11304.39,0,11304.39,1304.39
478,11304.39,0,11304.39,1304.39
479,11304.39,0,11304.39,1304.39
480,11304.39,0,11304.39,1304.39
481,11304.39,0,11304.39,1304.39
482,30.62,31.0,11304.39,1304.39
483,30.62,31.0,11254.48,1254.48
484,30.62,31.0,11377.24,1377.24
485,30.62,31.0,11401.11,1401.11
486,30.62,31.0,11398.01,1398.01
487,30.62,31.0,11495.97,1495.97
488,30.62,31.0,11472.41,1472.41
489,30.62,31.0,11505.89,1505.89
490,30.62,31.0,11402.97,1402.97
491,30.62,31.0,11399.25,1399.25
492,30.62,31.0,11385.92,1385.92
493,11335.08,0,11335.08,1335.08
494,247.38,30.0,11335.08,1335.08
495,247.38,30.0,11352.48,1352.48
496,247.38,30.0,11414.58,1414.58
497,247.38,30.0,11322.78,1322.78
498,247.38,30.0,11283.18,1283.18
499,247.38,30.0,11264.58,1264.58
500,11274.48,0,11274.48,1274.48
501,204.48,30.0,11274.48,1274.48
502,11369.58,0,11369.58,1369.58
503,225.78,30.0,11369.58,1369.58
504,225.78,30.0,11385.48,1385.48
1,10000,0,10000.0,0.0
2,10000,0,10000.0,0.0
3,10000,0,10000.0,0.0
4,10000.0,0,10000.0,0.0
5,10000.0,0,10000.0,0.0
6,10000.0,0,10000.0,0.0
7,10000.0,0,10000.0,0.0
8,10000.0,0,10000.0,0.0
9,10000.0,0,10000.0,0.0
10,10000.0,0,10000.0,0.0
11,82.76,38.0,10000.0,0.0
12,82.76,38.0,10075.24,75.24
13,82.76,38.0,10208.24,208.24
14,82.76,38.0,10071.44,71.44
15,10092.34,0,10092.34,92.34
16,10092.34,0,10092.34,92.34
17,258.48,37.0,10092.34,92.34
18,258.48,37.0,10017.6,17.6
19,258.48,37.0,10004.65,4.65
20,258.48,37.0,10158.94,158.94
21,258.48,37.0,10245.89,245.89
22,258.48,37.0,10250.7,250.7
23,10321.0,0,10321.0,321.0
24,216.3,37.0,10321.0,321.0
25,216.3,37.0,10307.68,307.68
26,10211.48,0,10211.48,211.48
27,204.09,37.0,10211.48,211.48
28,204.09,37.0,10217.03,217.03
29,204.09,37.0,10345.79,345.79
30,204.09,37.0,10378.72,378.72
31,10356.15,0,10356.15,356.15
32,93.46,37.0,10356.15,356.15
33,93.46,37.0,10373.91,373.91
34,93.46,37.0,10394.63,394.63
35,10358.0,0,10358.0,358.0
36,10358.0,0,10358.0,358.0
37,15.76,37.0,10358.0,358.0
38,10350.6,0,10350.6,350.6
39,10350.6,0,10350.6,350.6
40,10350.6,0,10350.6,350.6
41,10350.6,0,10350.6,350.6
42,12.8,37.0,10350.6,350.6
43,12.8,37.0,10336.54,336.54
44,12.8,37.0,10274.01,274.01
45,10188.17,0,10188.17,188.17
46,10188.17,0,10188.17,188.17
47,10188.17,0,10188.17,188.17
48,126.53,36.0,10188.17,188.17
49,10254.77,0,10254.77,254.77
50,10254.77,0,10254.77,254.77
51,127.61,36.0,10254.77,254.77
52,127.61,36.0,10291.49,291.49
53,127.61,36.0,10294.01,294.01
54,127.61,36.0,10263.41,263.41
55,127.61,36.0,10377.89,377.89
56,10180.61,0,10180.61,180.61
57,10180.61,0,10180.61,180.61
58,10180.61,0,10180.61,180.61
59,10180.61,0,10180.61,180.61
60,75.05,36.0,10180.61,180.61
61,75.05,36.0,10244.33,244.33
62,75.05,36.0,10364.93,364.93
63,10369.97,0,10369.97,369.97
64,58.85,36.0,10369.97,369.97
65,10397.33,0,10397.33,397.33
66,8.81,36.0,10397.33,397.33
67,8.81,36.0,10405.25,405.25
68,8.81,36.0,10351.97,351.97
69,10387.25,0,10387.25,387.25
70,11.69,36.0,10387.25,387.25
71,11.69,36.0,10457.45,457.45
72,11.69,36.0,10450.61,450.61
73,11.69,36.0,10457.45,457.45
74,11.69,36.0,10431.89,431.89
75,11.69,36.0,10452.41,452.41
76,10461.41,0,10461.41,461.41
77,10461.41,0,10461.41,461.41
78,10461.41,0,10461.41,461.41
79,10461.41,0,10461.41,461.41
80,10461.41,0,10461.41,461.41
81,10461.41,0,10461.41,461.41
82,10461.41,0,10461.41,461.41
83,10461.41,0,10461.41,461.41
84,10461.41,0,10461.41,461.41
85,10461.41,0,10461.41,461.41
86,10461.41,0,10461.41,461.41
87,10461.41,0,10461.41,461.41
88,10461.41,0,10461.41,461.41
89,10461.41,0,10461.41,461.41
90,10461.41,0,10461.41,461.41
91,69.59,37.0,10461.41,461.41
92,69.59,37.0,10555.39,555.39
93,69.59,37.0,10616.81,616.81
94,69.59,37.0,10714.49,714.49
95,69.59,37.0,10645.67,645.67
96,69.59,37.0,10575.74,575.74
97,10670.46,0,10670.46,670.46
98,102.15,37.0,10670.46,670.46
99,10541.33,0,10541.33,541.33
100,10541.33,0,10541.33,541.33
101,175.78,37.0,10541.33,541.33
102,175.78,37.0,10471.77,471.77
103,175.78,37.0,10499.89,499.89
104,175.78,37.0,10360.77,360.77
105,175.78,37.0,10334.87,334.87
106,10555.39,0,10555.39,555.39
107,85.87,37.0,10555.39,555.39
108,85.87,37.0,10623.47,623.47
109,85.87,37.0,10728.92,728.92
110,85.87,37.0,10777.76,777.76
111,85.87,37.0,10775.17,775.17
112,10756.3,0,10756.3,756.3
113,41.84,37.0,10756.3,756.3
114,10744.46,0,10744.46,744.46
115,37.78,37.0,10744.46,744.46
116,37.78,37.0,10856.57,856.57
117,10880.99,0,10880.99,880.99
118,10880.99,0,10880.99,880.99
119,10880.99,0,10880.99,880.99
120,10880.99,0,10880.99,880.99
121,10880.99,0,10880.99,880.99
122,10880.99,0,10880.99,880.99
123,95.49,37.0,10880.99,880.99
124,95.49,37.0,10936.49,936.49
125,11034.92,0,11034.92,1034.92
126,67.01,37.0,11034.92,1034.92
127,67.01,37.0,11122.6,1122.6
128,11110.03,0,11110.03,1110.03
129,11110.03,0,11110.03,1110.03
130,11110.03,0,11110.03,1110.03
131,11110.03,0,11110.03,1110.03
132,11110.03,0,11110.03,1110.03
133,11110.03,0,11110.03,1110.03
134,11110.03,0,11110.03,1110.03
135,11110.03,0,11110.03,1110.03
136,11110.03,0,11110.03,1110.03
137,53.32,37.0,11110.03,1110.03
138,53.32,37.0,11048.61,1048.61
139,53.32,37.0,11075.62,1075.62
140,53.32,37.0,11154.43,1154.43
141,11206.6,0,11206.6,1206.6
142,106.6,37.0,11206.6,1206.6
143,106.6,37.0,11280.97,1280.97
144,106.6,37.0,11260.62,1260.62
145,106.6,37.0,11233.24,1233.24
146,106.6,37.0,11111.51,1111.51
147,106.6,37.0,11015.68,1015.68
148,106.6,37.0,10933.54,933.54
149,106.6,37.0,10607.94,607.94
150,106.6,37.0,10755.2,755.2
151,106.6,37.0,10761.49,761.49
152,10970.54,0,10970.54,970.54
153,180.6,37.0,10970.54,970.54
154,10839.19,0,10839.19,839.19
155,14.84,37.0,10839.19,839.19
156,14.84,37.0,10519.14,519.14
157,14.84,37.0,10546.89,546.89
158,10702.29,0,10702.29,702.29
159,178.41,36.0,10702.29,702.29
160,178.41,36.0,10621.65,621.65
161,10706.61,0,10706.61,706.61
162,181.65,36.0,10706.61,706.61
163,181.65,36.0,10436.25,436.25
164,181.65,36.0,10549.65,549.65
165,181.65,36.0,10508.97,508.97
166,181.65,36.0,10581.69,581.69
167,181.65,36.0,10714.53,714.53
168,10709.85,0,10709.85,709.85
169,243.21,36.0,10709.85,709.85
170,243.21,36.0,10828.65,828.65
171,243.21,36.0,10964.73,964.73
172,243.21,36.0,10973.01,973.01
173,243.21,36.0,10978.41,978.41
174,243.21,36.0,10975.89,975.89
175,11052.21,0,11052.21,1052.21
176,11052.21,0,11052.21,1052.21
177,11052.21,0,11052.21,1052.21
178,11052.21,0,11052.21,1052.21
179,11052.21,0,11052.21,1052.21
180,212.61,36.0,11052.21,1052.21
181,11051.49,0,11051.49,1051.49
182,15.13,37.0,11051.49,1051.49
183,15.13,37.0,11048.9,1048.9
184,15.13,37.0,10962.32,962.32
185,15.13,37.0,11027.07,1027.07
186,15.13,37.0,11004.13,1004.13
187,15.13,37.0,10944.93,944.93
188,15.13,37.0,10995.62,995.62
189,15.13,37.0,10865.01,865.01
190,10673.35,0,10673.35,673.35
191,218.23,36.0,10673.35,673.35
192,10814.83,0,10814.83,814.83
193,10814.83,0,10814.83,814.83
194,10814.83,0,10814.83,814.83
195,10814.83,0,10814.83,814.83
196,10814.83,0,10814.83,814.83
197,10814.83,0,10814.83,814.83
198,10814.83,0,10814.83,814.83
199,55.15,36.0,10814.83,814.83
200,55.15,36.0,10797.55,797.55
201,55.15,36.0,10829.23,829.23
202,55.15,36.0,10782.07,782.07
203,55.15,36.0,10854.79,854.79
204,55.15,36.0,10819.51,819.51
205,55.15,36.0,10850.83,850.83
206,55.15,36.0,10868.47,868.47
207,10912.75,0,10912.75,912.75
208,10912.75,0,10912.75,912.75
209,10912.75,0,10912.75,912.75
210,10912.75,0,10912.75,912.75
211,10912.75,0,10912.75,912.75
212,197.85,35.0,10912.75,912.75
213,10955.8,0,10955.8,955.8
214,209.75,35.0,10955.8,955.8
215,209.75,35.0,10958.25,958.25
216,10996.05,0,10996.05,996.05
217,183.15,35.0,10996.05,996.05
218,183.15,35.0,10975.4,975.4
219,183.15,35.0,10998.15,998.15
220,183.15,35.0,11001.65,1001.65
221,183.15,35.0,11017.4,1017.4
222,183.15,35.0,11095.8,1095.8
223,183.15,35.0,11103.85,1103.85
224,183.15,35.0,11100.7,1100.7
225,183.15,35.0,11060.1,1060.1
226,183.15,35.0,11042.6,1042.6
227,183.15,35.0,11066.75,1066.75
228,11151.1,0,11151.1,1151.1
229,11151.1,0,11151.1,1151.1
230,11151.1,0,11151.1,1151.1
231,11151.1,0,11151.1,1151.1
232,11151.1,0,11151.1,1151.1
233,11151.1,0,11151.1,1151.1
234,250.0,35.0,11151.1,1151.1
235,250.0,35.0,11170.7,1170.7
236,11270.45,0,11270.45,1270.45
237,11270.45,0,11270.45,1270.45
238,11270.45,0,11270.45,1270.45
239,265.75,35.0,11270.45,1270.45
240,265.75,35.0,11365.3,1365.3
241,265.75,35.0,11371.95,1371.95
242,11448.25,0,11448.25,1448.25
243,263.3,35.0,11448.25,1448.25
244,263.3,35.0,11448.95,1448.95
245,263.3,35.0,11494.8,1494.8
246,263.3,35.0,11488.85,1488.85
247,263.3,35.0,11506.0,1506.0
248,263.3,35.0,11506.35,1506.35
249,11566.2,0,11566.2,1566.2
250,11566.2,0,11566.2,1566.2
251,11566.2,0,11566.2,1566.2
252,11566.2,0,11566.2,1566.2
253,11566.2,0,11566.2,1566.2
254,11566.2,0,11566.2,1566.2
255,238.8,35.0,11566.2,1566.2
256,11534.35,0,11534.35,1534.35
257,11534.35,0,11534.35,1534.35
258,11534.35,0,11534.35,1534.35
259,11534.35,0,11534.35,1534.35
260,56.1,35.0,11534.35,1534.35
261,11516.85,0,11516.85,1516.85
262,30.2,35.0,11516.85,1516.85
263,30.2,35.0,11612.4,1612.4
264,30.2,35.0,11648.45,1648.45
265,11625.7,0,11625.7,1625.7
266,28.8,35.0,11625.7,1625.7
267,28.8,35.0,11639.0,1639.0
268,28.8,35.0,11535.75,1535.75
269,28.8,35.0,11351.3,1351.3
270,28.8,35.0,11469.95,1469.95
271,28.8,35.0,11460.5,1460.5
272,28.8,35.0,11497.6,1497.6
273,28.8,35.0,11289.35,1289.35
274,11373.0,0,11373.0,1373.0
275,184.96,34.0,11373.0,1373.0
276,184.96,34.0,11502.2,1502.2
277,184.96,34.0,11540.28,1540.28
278,184.96,34.0,11479.76,1479.76
279,184.96,34.0,11564.08,1564.08
280,184.96,34.0,11583.8,1583.8
281,11657.24,0,11657.24,1657.24
282,197.2,34.0,11657.24,1657.24
283,11675.6,0,11675.6,1675.6
284,11675.6,0,11675.6,1675.6
285,11675.6,0,11675.6,1675.6
286,11675.6,0,11675.6,1675.6
287,11675.6,0,11675.6,1675.6
288,11675.6,0,11675.6,1675.6
289,11675.6,0,11675.6,1675.6
290,11675.6,0,11675.6,1675.6
291,11675.6,0,11675.6,1675.6
292,11675.6,0,11675.6,1675.6
293,11675.6,0,11675.6,1675.6
294,11675.6,0,11675.6,1675.6
295,11675.6,0,11675.6,1675.6
296,11675.6,0,11675.6,1675.6
297,74.66,39.0,11675.6,1675.6
298,74.66,39.0,10769.63,769.63
299,74.66,39.0,11323.04,1323.04
300,74.66,39.0,10774.7,774.7
301,74.66,39.0,9750.95,-249.05
302,74.66,39.0,10578.14,578.14
303,74.66,39.0,9428.81,-571.19
304,74.66,39.0,9933.86,-66.14
305,74.66,39.0,9434.66,-565.34
306,9454.55,0,9454.55,-545.45
307,9454.55,0,9454.55,-545.45
308,9454.55,0,9454.55,-545.45
309,9454.55,0,9454.55,-545.45
310,9454.55,0,9454.55,-545.45
311,9454.55,0,9454.55,-545.45
312,78.01,37.0,9454.55,-545.45
313,9759.06,0,9759.06,-240.94
314,9759.06,0,9759.06,-240.94
315,9759.06,0,9759.06,-240.94
316,9759.06,0,9759.06,-240.94
317,9759.06,0,9759.06,-240.94
318,224.1,36.0,9759.06,-240.94
319,224.1,36.0,9768.78,-231.22
320,224.1,36.0,10089.18,89.18
321,224.1,36.0,10239.3,239.3
322,224.1,36.0,10147.86,147.86
323,224.1,36.0,10440.54,440.54
324,10223.46,0,10223.46,223.46
325,10223.46,0,10223.46,223.46
326,191.06,35.0,10223.46,223.46
327,10046.71,0,10046.71,46.71
328,10046.71,0,10046.71,46.71
329,278.21,35.0,10046.71,46.71
330,278.21,35.0,10046.01,46.01
331,278.21,35.0,10182.16,182.16
332,278.21,35.0,10324.96,324.96
333,278.21,35.0,10278.76,278.76
334,278.21,35.0,10540.56,540.56
335,278.21,35.0,10445.01,445.01
336,278.21,35.0,10175.86,175.86
337,278.21,35.0,10203.16,203.16
338,10294.86,0,10294.86,294.86
339,10294.86,0,10294.86,294.86
340,10294.86,0,10294.86,294.86
341,10294.86,0,10294.86,294.86
342,57.36,35.0,10294.86,294.86
343,57.36,35.0,10090.81,90.81
344,57.36,35.0,9913.36,-86.64
345,10031.31,0,10031.31,31.31
346,11.51,35.0,10031.31,31.31
347,11.51,35.0,10336.51,336.51
348,11.51,35.0,10230.46,230.46
349,10404.06,0,10404.06,404.06
350,10404.06,0,10404.06,404.06
351,63.66,35.0,10404.06,404.06
352,10531.46,0,10531.46,531.46
353,211.44,34.0,10531.46,531.46
354,211.44,34.0,10512.42,512.42
355,211.44,34.0,10558.32,558.32
356,10600.14,0,10600.14,600.14
357,10600.14,0,10600.14,600.14
358,10600.14,0,10600.14,600.14
359,10600.14,0,10600.14,600.14
360,61.92,33.0,10600.14,600.14
361,61.92,33.0,10727.52,727.52
362,61.92,33.0,10647.99,647.99
363,10588.92,0,10588.92,588.92
364,10588.92,0,10588.92,588.92
365,10588.92,0,10588.92,588.92
366,10588.92,0,10588.92,588.92
367,10588.92,0,10588.92,588.92
368,10588.92,0,10588.92,588.92
369,10588.92,0,10588.92,588.92
370,10588.92,0,10588.92,588.92
371,10588.92,0,10588.92,588.92
372,10588.92,0,10588.92,588.92
373,10588.92,0,10588.92,588.92
374,139.02,34.0,10588.92,588.92
375,139.02,34.0,10340.71,340.71
376,139.02,34.0,10490.65,490.65
377,139.02,34.0,10623.25,623.25
378,139.02,34.0,10696.69,696.69
379,10754.84,0,10754.84,754.84
380,10754.84,0,10754.84,754.84
381,86.32,34.0,10754.84,754.84
382,10836.44,0,10836.44,836.44
383,10836.44,0,10836.44,836.44
384,10836.44,0,10836.44,836.44
385,10836.44,0,10836.44,836.44
386,312.07,33.0,10836.44,836.44
387,312.07,33.0,10933.13,933.13
388,312.07,33.0,10898.15,898.15
389,312.07,33.0,10928.83,928.83
390,11014.64,0,11014.64,1014.64
391,11014.64,0,11014.64,1014.64
392,11014.64,0,11014.64,1014.64
393,11014.64,0,11014.64,1014.64
394,11014.64,0,11014.64,1014.64
395,11014.64,0,11014.64,1014.64
396,11014.64,0,11014.64,1014.64
397,285.68,33.0,11014.64,1014.64
398,285.68,33.0,10976.36,976.36
399,285.68,33.0,11060.83,1060.83
400,11135.75,0,11135.75,1135.75
401,11135.75,0,11135.75,1135.75
402,11135.75,0,11135.75,1135.75
403,11135.75,0,11135.75,1135.75
404,94.94,33.0,11135.75,1135.75
405,11168.75,0,11168.75,1168.75
406,186.35,33.0,11168.75,1168.75
407,11321.87,0,11321.87,1321.87
408,11321.87,0,11321.87,1321.87
409,206.15,33.0,11321.87,1321.87
410,11357.18,0,11357.18,1357.18
411,182.06,33.0,11357.18,1357.18
412,182.06,33.0,11310.65,1310.65
413,182.06,33.0,11345.3,1345.3
414,182.06,33.0,11384.9,1384.9
415,11498.42,0,11498.42,1498.42
416,11498.42,0,11498.42,1498.42
417,11498.42,0,11498.42,1498.42
418,11498.42,0,11498.42,1498.42
419,279.86,32.0,11498.42,1498.42
420,279.86,32.0,11457.78,1457.78
421,11563.06,0,11563.06,1563.06
422,11563.06,0,11563.06,1563.06
423,11563.06,0,11563.06,1563.06
424,258.25,33.0,11563.06,1563.06
425,11254.18,0,11254.18,1254.18
426,11254.18,0,11254.18,1254.18
427,235.81,33.0,11254.18,1254.18
428,235.81,33.0,11259.79,1259.79
429,235.81,33.0,11404.99,1404.99
430,235.81,33.0,11461.42,1461.42
431,235.81,33.0,11416.87,1416.87
432,11318.53,0,11318.53,1318.53
433,11318.53,0,11318.53,1318.53
434,11318.53,0,11318.53,1318.53
435,88.33,34.0,11318.53,1318.53
436,88.33,34.0,11058.09,1058.09
437,88.33,34.0,11087.33,1087.33
438,11265.15,0,11265.15,1265.15
439,11265.15,0,11265.15,1265.15
440,296.94,33.0,11265.15,1265.15
441,296.94,33.0,11348.31,1348.31
442,296.94,33.0,11419.26,1419.26
443,296.94,33.0,11313.66,1313.66
444,296.94,33.0,11509.02,1509.02
445,296.94,33.0,11349.63,1349.63
446,11542.02,0,11542.02,1542.02
447,11542.02,0,11542.02,1542.02
448,11542.02,0,11542.02,1542.02
449,264.26,32.0,11542.02,1542.02
450,11468.42,0,11468.42,1468.42
451,11468.42,0,11468.42,1468.42
452,11468.42,0,11468.42,1468.42
453,11468.42,0,11468.42,1468.42
454,11468.42,0,11468.42,1468.42
455,136.88,33.0,11468.42,1468.42
456,136.88,33.0,11446.97,1446.97
457,136.88,33.0,11509.01,1509.01
458,136.88,33.0,11547.62,1547.62
459,136.88,33.0,11336.75,1336.75
460,11298.14,0,11298.14,1298.14
461,11298.14,0,11298.14,1298.14
462,11298.14,0,11298.14,1298.14
463,11298.14,0,11298.14,1298.14
464,11298.14,0,11298.14,1298.14
465,11298.14,0,11298.14,1298.14
466,11298.14,0,11298.14,1298.14
467,90.46,32.0,11298.14,1298.14
468,11295.58,0,11295.58,1295.58
469,304.22,31.0,11295.58,1295.58
470,11279.46,0,11279.46,1279.46
471,11279.46,0,11279.46,1279.46
472,11279.46,0,11279.46,1279.46
473,178.36,31.0,11279.46,1279.46
474,11418.03,0,11418.03,1418.03
475,11418.03,0,11418.03,1418.03
476,11418.03,0,11418.03,1418.03
477,11418.03,0,11418.03,1418.03
478,47.47,32.0,11418.03,1418.03
479,47.47,32.0,11486.19,1486.19
480,11670.51,0,11670.51,1670.51
481,11670.51,0,11670.51,1670.51
482,11670.51,0,11670.51,1670.51
483,84.59,32.0,11670.51,1670.51
484,84.59,32.0,11797.23,1797.23
485,84.59,32.0,11821.87,1821.87
486,84.59,32.0,11818.67,1818.67
487,11919.79,0,11919.79,1919.79
488,108.91,32.0,11919.79,1919.79
489,108.91,32.0,11954.35,1954.35
490,108.91,32.0,11848.11,1848.11
491,108.91,32.0,11844.27,1844.27
492,11830.51,0,11830.51,1830.51
493,161.39,32.0,11830.51,1830.51
494,161.39,32.0,11988.27,1988.27
495,161.39,32.0,12006.83,2006.83
496,161.39,32.0,12073.07,2073.07
497,11975.15,0,11975.15,1975.15
498,11975.15,0,11975.15,1975.15
499,11975.15,0,11975.15,1975.15
500,212.91,32.0,11975.15,1975.15
501,212.91,32.0,12020.91,2020.91
502,212.91,32.0,12122.35,2122.35
503,212.91,32.0,12099.63,2099.63
504,12116.59,0,12116.59,2116.59
